{
  "Accuracy": 0.9505725348051735,
  "PR_AUC": 0.45945118341144475,
  "ROC_AUC": 0.9079666586586554,
  "F1_score": 0.45305378304466726,
  "Best_Threshold": 0.253726601600647
}