{
  "Accuracy": 0.9263361651790515,
  "PR_AUC": 0.4574738867252533,
  "ROC_AUC": 0.8550650123524427,
  "F1_score": 0.4635865309318716,
  "Best_Threshold": 0.2175702245198038
}