{
  "Accuracy": 0.9088611678675126,
  "PR_AUC": 0.3299921559929992,
  "ROC_AUC": 0.7978427762953144,
  "F1_score": 0.3724546464272492,
  "Best_Threshold": 0.2619103789329529,
  "features_used": [
    "Average_Rating",
    "Rating",
    "Deviation_Of_Star_Ratings",
    "Time_Lapsed",
    "Text_Length",
    "Valence",
    "Arousal",
    "Title_Length",
    "Num_of_Ratings",
    "Flesch_Reading_Ease",
    "FOG_Index",
    "Sentiment_Score",
    "new_depth",
    "new_breadth"
  ],
  "random_state": 42,
  "best_params": {
    "n_d": 48,
    "n_a": 24,
    "n_steps": 3,
    "gamma": 1.0721135936885733,
    "n_independent": 2,
    "n_shared": 1,
    "momentum": 0.07721169669799786,
    "lambda_sparse": 9.3002472507753e-06,
    "lr": 0.002788726033943468,
    "weight_decay": 3.2534415885458395e-07,
    "mask_type": "entmax",
    "batch_size": 512
  },
  "fast_mode": {
    "n_trials": 30,
    "max_epochs": 60,
    "patience": 10,
    "no_kfold": true
  }
}