{
  "Accuracy": 0.9097752446499624,
  "PR_AUC": 0.34466288991550603,
  "ROC_AUC": 0.8014308485629043,
  "F1_score": 0.3775964391691395,
  "Best_Threshold": 0.17664691805839539
}