{
  "Accuracy": 0.906038029578561,
  "PR_AUC": 0.49698669322164424,
  "ROC_AUC": 0.8459153803420699,
  "F1_score": 0.476456009913259,
  "Best_Threshold": 0.2859947908172602
}