{
  "Accuracy": 0.8845768931391081,
  "PR_AUC": 0.41470317086726416,
  "ROC_AUC": 0.8190037999680213,
  "F1_score": 0.4242928452579035,
  "Best_Threshold": 0.2826734483242035,
  "features_used": [
    "Average_Rating",
    "Rating",
    "Deviation_Of_Star_Ratings",
    "Time_Lapsed",
    "Price",
    "Text_Length",
    "Valence",
    "Arousal",
    "Title_Length",
    "Num_of_Ratings",
    "Is_Photo",
    "Flesch_Reading_Ease",
    "FOG_Index",
    "Sentiment_Score",
    "new_depth",
    "new_breadth"
  ],
  "random_state": 42,
  "best_params": {
    "hidden_dim": 256,
    "depth": 3,
    "dropout": 0.19438725660531778,
    "lr": 0.0022102997566236468,
    "weight_decay": 8.398214420759038e-06,
    "batch_size": 256
  }
}