{
  "Accuracy": 0.953414614053876,
  "PR_AUC": 0.4782924317382559,
  "ROC_AUC": 0.914723283187014,
  "F1_score": 0.4682651622002821,
  "Best_Threshold": 0.24127382040023804,
  "best_params": {
    "embedding_dim": 64,
    "n_layers": 4,
    "n_heads": 4,
    "dim_ff": 256,
    "attn_dropout": 0.0640665012031447,
    "resid_dropout": 0.0012123683849555298,
    "head_hidden": 128,
    "use_mean": true,
    "lr": 0.0019133905024305065,
    "weight_decay": 9.462386314687875e-05,
    "batch_size": 2048
  }
}