{
  "Accuracy": 0.9634648653101573,
  "PR_AUC": 0.5845371375016998,
  "ROC_AUC": 0.9332255513431789,
  "F1_score": 0.5372978612415232,
  "Best_Threshold": 0.2934766514647009
}