{
  "Accuracy": 0.906149227176693,
  "PR_AUC": 0.5038823680696,
  "ROC_AUC": 0.8511708937082927,
  "F1_score": 0.4793337446020975,
  "Best_Threshold": 0.28746384382247925
}