{
  "Accuracy": 0.8759845818669348,
  "PR_AUC": 0.2817725858502679,
  "ROC_AUC": 0.7271856447983585,
  "F1_score": 0.30363864491844417,
  "Best_Threshold": 0.1874786615371704
}