{
  "Accuracy": 0.9045058608452522,
  "PR_AUC": 0.3079070677108698,
  "ROC_AUC": 0.7797977166445202,
  "F1_score": 0.3616103522645579,
  "Best_Threshold": 0.192869633436203,
  "features_used": [
    "Average_Rating",
    "Rating",
    "Deviation_Of_Star_Ratings",
    "Time_Lapsed",
    "Text_Length",
    "Valence",
    "Arousal",
    "Title_Length",
    "Num_of_Ratings",
    "Flesch_Reading_Ease",
    "FOG_Index",
    "Sentiment_Score",
    "new_depth",
    "new_breadth"
  ],
  "random_state": 42,
  "best_params": {
    "hidden_dim": 256,
    "depth": 4,
    "dropout": 0.19522221566144854,
    "lr": 0.0017252356782725706,
    "weight_decay": 3.636241307304121e-05,
    "batch_size": 512
  }
}