{
  "Accuracy": 0.8798509952185033,
  "PR_AUC": 0.4488304495122045,
  "ROC_AUC": 0.8294907747256132,
  "F1_score": 0.44433016199537156,
  "Best_Threshold": 0.22219733893871307,
  "features_used": [
    "Average_Rating",
    "Rating",
    "Deviation_Of_Star_Ratings",
    "Time_Lapsed",
    "Price",
    "Text_Length",
    "Valence",
    "Arousal",
    "Title_Length",
    "Num_of_Ratings",
    "Is_Photo",
    "Flesch_Reading_Ease",
    "FOG_Index",
    "Sentiment_Score",
    "new_depth",
    "new_breadth"
  ],
  "random_state": 42,
  "best_params": {
    "n_d": 32,
    "n_a": 24,
    "n_steps": 3,
    "gamma": 1.1328655819597524,
    "n_independent": 2,
    "n_shared": 2,
    "momentum": 0.1530740200175051,
    "lambda_sparse": 0.0003876841997190064,
    "lr": 0.00244163048638402,
    "weight_decay": 0.00014428605036315932,
    "mask_type": "entmax",
    "batch_size": 512
  },
  "fast_mode": {
    "n_trials": 30,
    "max_epochs": 60,
    "patience": 10,
    "no_kfold": true
  }
}