{
  "Accuracy": 0.8720183229987152,
  "PR_AUC": 0.27437309763466855,
  "ROC_AUC": 0.7229471290201864,
  "F1_score": 0.28473306275366844,
  "Best_Threshold": 0.18179470774763298
}