{
  "Accuracy": 0.9642062772880797,
  "PR_AUC": 0.5924206619939767,
  "ROC_AUC": 0.9387216644561593,
  "F1_score": 0.5509043927648579,
  "Best_Threshold": 0.271330863237381
}