{
  "Accuracy": 0.9362834713410044,
  "PR_AUC": 0.5351528857324284,
  "ROC_AUC": 0.8827136040334924,
  "F1_score": 0.5188794153471377,
  "Best_Threshold": 0.23786570131778717
}