{
  "Accuracy": 0.8033070778168817,
  "PR_AUC": 0.24491487655657249,
  "ROC_AUC": 0.7114614503559873,
  "F1_score": 0.28536634869088695,
  "Best_Threshold": 0.134362131357193
}