{
  "Accuracy": 0.8874124318914711,
  "PR_AUC": 0.4423823616605832,
  "ROC_AUC": 0.8293833600002343,
  "F1_score": 0.44837918823208933,
  "Best_Threshold": 0.26705095171928406
}